image_id,file_name,garments,colors,styles,scene,objects,relation,weather,location,color_garment_pairs,query_tags,caption
fp_13838,2d7dfadb313dbd17f5d3e91d80fe640f.jpg,shirt;top,,fashion,,,,,,,shirt;top,fashion photograph
fp_43845,aca2b76b217d832942c542f1a6a56c6d.jpg,shirt;top;pants,,fashion,,,,,,,shirt;top;pants,fashion photograph
fp_33695,65a99ad9839237b54043fdd809e45db9.jpg,shirt;top,,fashion,,,,,,,shirt;top,fashion photograph
fp_34130,c1bdf67587ddbf2ba31d99d5724444a0.jpg,shirt,,fashion,,,,,,,shirt,fashion photograph
fp_42348,fac9f878a36493b99737e6fa59ce2499.jpg,shirt;top,,fashion,,,,,,,shirt;top,fashion photograph
fp_28578,bedb943f8e3ccb0a6a9d5a18c71e5c5f.jpg,shirt;jacket;top,,fashion,,,,,,,shirt;jacket;top,fashion photograph
fp_23808,bb0d8857dc0bab30cb979ba4a6d4ac7d.jpg,shirt;top;pants,,fashion,,,,,,,shirt;top;pants,fashion photograph
fp_37837,47cad6fcd63e6682eb2e3d5d25d6c5cb.jpg,shirt;top,,fashion,,,,,,,shirt;top,fashion photograph
fp_26784,6b71ad95a298fc81ae368e93c7218846.jpg,shirt;top,,fashion,,,,,,,shirt;top,fashion photograph
fp_30855,5978bf160fded07432d6990d260059f4.jpg,shirt;jacket;pants,,fashion,,,,,,,shirt;jacket;pants,fashion photograph
fp_12868,1ac8f4fb481bf5aa216ef0bfd648ce66.jpg,shirt;top;pants,,fashion,,,,,,,shirt;top;pants,fashion photograph
fp_44245,d30aca69e3e7e23aa925189f5560ecf7.jpg,shirt;top,,fashion,,,,,,,shirt;top,fashion photograph
fp_26461,4224d8d718b6d495c6fb0ba95c944722.jpg,shirt;top,,fashion,,,,,,,shirt;top,fashion photograph
fp_24742,60e8af685afbba175e008e224babcc3d.jpg,shirt;top;pants,,fashion,,,,,,,shirt;top;pants,fashion photograph
fp_4969,1e5e456826c88706df0d107bed168d39.jpg,coat;shirt;top,,fashion,,,,,,,coat;shirt;top,fashion photograph
fp_24459,c4865fc8464864443b70d742658c824b.jpg,jacket,,fashion,,,,,,,jacket,fashion photograph
fp_45064,706912dade61cc0779e6c86a47a318f6.jpg,shirt;top,,fashion,,,,,,,shirt;top,fashion photograph
fp_32908,127ef9a0a5b60d2127f9129c2dfd62a0.jpg,shirt;top,,fashion,,,,,,,shirt;top,fashion photograph
fp_27779,ac1bce75f58a1bfb7bf667715a2bec59.jpg,shirt;top;jacket;pants,,fashion,,,,,,,shirt;top;jacket;pants,fashion photograph
fp_44501,7431347d441fb92914bef920574bcc81.jpg,shirt;top;pants,,fashion,,,,,,,shirt;top;pants,fashion photograph
fp_2186,45aa231d2782a7a8fbf0730e1edcb1d3.jpg,jacket,,fashion,,,,,,,jacket,fashion photograph
fp_6057,b24a5f11e01f6c693fda2ae0c7e4b8b6.jpg,shirt;jacket;top,,fashion,,,,,,,shirt;jacket;top,fashion photograph
fp_19437,633d8a1ae51e42fe75078f7e19a99bd0.jpg,pants,,fashion,,,,,,,pants,fashion photograph
fp_48846,0dd179ce9b41f7847a9f0b0eb6af94db.jpg,shirt,,fashion,,,,,,,shirt,fashion photograph
fp_34387,67a04933de5c5eaf84b95278b920fcac.jpg,shirt,,fashion,,,,,,,shirt,fashion photograph
fp_4352,7a69abd75486d9b585b39e98435e6d25.jpg,shirt;top,,fashion,,,,,,,shirt;top,fashion photograph
fp_42434,278b0e06f111a03a66d2dd3e73b6243e.jpg,jacket,,fashion,,,,,,,jacket,fashion photograph
fp_47016,0252d46373c10843d52f9183d39e811b.jpg,jacket,,fashion,,,,,,,jacket,fashion photograph
fp_21452,4ded1d4abc27e276ab78513b21d9af47.jpg,jacket,,fashion,,,,,,,jacket,fashion photograph
fp_10812,7adb90612761be71145da123f87c6c58.jpg,shirt;top,,fashion,,,,,,,shirt;top,fashion photograph
fp_46979,1233dbfb310abae867355072c29eb13e.jpg,shirt;top,,fashion,,,,,,,shirt;top,fashion photograph
fp_7046,8ab65a3a846da97ede3f0452e54d2eb7.jpg,shirt;tie;top,,fashion,,,,,,,shirt;tie;top,fashion photograph
fp_2674,e7c90a2ed055eb2c5f0b73a47b79d8d5.jpg,shirt;top;coat,red,fashion,,,,,,,shirt;top;coat;red,fashion photograph
fp_8850,56ea7abc0a5205ab482d7bc9e1c98cf7.jpg,shirt,,fashion,,,,,,,shirt,fashion photograph
fp_26867,40e56a1593944621a1b2df7aff8d6458.jpg,shirt;top,,fashion,,,,,,,shirt;top,fashion photograph
fp_22537,86cecbac13b2623cded46a0699568107.jpg,shirt;pants,,fashion,,,,,,,shirt;pants,fashion photograph
fp_3277,8af070c4485746f906d5218cf15a0535.jpg,shirt;top,,fashion,,,,,,,shirt;top,fashion photograph
fp_30768,a120a6d20913ce8fb4fe654708229115.jpg,shirt;pants,,fashion,,,,,,,shirt;pants,fashion photograph
fp_33303,f02625b6e0930ef0a3c21b033c104e3f.jpg,jacket,,fashion,,,,,,,jacket,fashion photograph
fp_13649,e32b14c76c82db9ee6ccd6eeeb8bd9f6.jpg,shirt,,fashion,,,,,,,shirt,fashion photograph
fp_46188,657264989e408cf5305826e2e512a89c.jpg,shirt;top,,fashion,,,,,,,shirt;top,fashion photograph
fp_45400,d2d65e5f75ad91dbb7016073a72aa6de.jpg,coat,,fashion,,,,,,,coat,fashion photograph
fp_18481,467a8f39fa5efb8d650d345d586e689b.jpg,shirt;jacket;top;pants,,fashion,,,,,,,shirt;jacket;top;pants,fashion photograph
fp_37290,8f085fa9af77a20cbd8bb6d99f19e4a3.jpg,shirt;top,,fashion,,,,,,,shirt;top,fashion photograph
fp_7511,41927c4b9747eecaee85580740bb4f0a.jpg,shirt,,fashion,,,,,,,shirt,fashion photograph
fp_4095,1fff4649dd7302cc220de9a77644e6c0.jpg,shirt;top,,fashion,,,,,,,shirt;top,fashion photograph
fp_1532,3c0e112995f3cb4511abd07ab1b547e5.jpg,shirt;top,,fashion,,,,,,,shirt;top,fashion photograph
fp_40721,f40c751c18211926d9fe47fc653d91f5.jpg,jacket,,fashion,,,,,,,jacket,fashion photograph
fp_13865,314162eaf5970c86ba072da9a36275ab.jpg,shirt;tie;jacket;pants,,fashion,,,,,,,shirt;tie;jacket;pants,fashion photograph
fp_39334,65408aae881a0442b39031e73697f137.jpg,suit,,fashion,,,,,,,suit,fashion photograph
fp_15572,f0efafc5ff106931770b39df0cbc7b76.jpg,coat;shirt;pants,,fashion,,,,,,,coat;shirt;pants,fashion photograph
fp_39476,3e6eb6fde74938461a27ca93f3fa1d60.jpg,shirt;tie;pants,,fashion,,,,,,,shirt;tie;pants,fashion photograph
fp_25150,055432a4f9f7f7d7b75b04b88ce4f17a.jpg,pants,,fashion,,,,,,,pants,fashion photograph
fp_39495,c3401acde6f74ced52a80f6cd610cbe5.jpg,coat,,fashion,,,,,,,coat,fashion photograph
fp_25212,bb9abf2545d0f1551aaf7853dd47d270.jpg,shirt;jacket;top,,fashion,,,,,,,shirt;jacket;top,fashion photograph
fp_14052,651b819627df2c904abda44906fbc32a.jpg,shirt,,fashion,,,,,,,shirt,fashion photograph
fp_25462,4c8c81951269826e704de56f46fe7c40.jpg,coat,,fashion,,,,,,,coat,fashion photograph
fp_1256,fd044712414e4939262c710666735869.jpg,shirt;top,,fashion,,,,,,,shirt;top,fashion photograph
fp_49697,c955db475eea82ab0e5bb3fc29ec8e96.jpg,shirt;jacket;top;pants,,fashion,,,,,,,shirt;jacket;top;pants,fashion photograph
fp_37266,84fb3f102329ad159371564868dd9649.jpg,shirt;jacket;pants,,fashion,,,,,,,shirt;jacket;pants,fashion photograph
fp_8954,bd14454c3e815b6deb780e40080a502e.jpg,shirt;top,,fashion,,,,,,,shirt;top,fashion photograph
fp_26321,751a72e947a50e9d7178fe4789584a6d.jpg,coat;shirt;pants,,fashion,,,,,,,coat;shirt;pants,fashion photograph
fp_2424,6a3d5f639c7017f957b057504d817d4d.jpg,shirt;top;pants,,fashion,,,,,,,shirt;top;pants,fashion photograph
fp_3035,df1d5a11a783eba8b9f0eb6f58a72cea.jpg,shirt;pants,,fashion,,,,,,,shirt;pants,fashion photograph
fp_40142,992f36757f547179fb884bb87e611056.jpg,pants,,fashion,,,,,,,pants,fashion photograph
fp_39550,2887a72b50238b72394fbbd1fa49b3df.jpg,shirt;top;pants,,fashion,,,,,,,shirt;top;pants,fashion photograph
fp_35039,3abaa8f5e082793a16e41aeebbe11604.jpg,shirt;top;pants,,fashion,,,,,,,shirt;top;pants,fashion photograph
fp_13657,9d630ca59faa031e7e4d0b5956a6c48b.jpg,shirt;top;pants,,fashion,,,,,,,shirt;top;pants,fashion photograph
fp_38512,b08548985fbc8349f11cc374ae8aee17.jpg,shirt;pants,,fashion,,,,,,,shirt;pants,fashion photograph
fp_18129,15e1eaf0006efd3eab8eeceeb13c022c.jpg,shirt;top;jacket;pants,,fashion,,,,,,,shirt;top;jacket;pants,fashion photograph
fp_29256,dae2108c82bccbb3ead068018c77a205.jpg,shirt;pants;jacket;top,,fashion,,,,,,,shirt;pants;jacket;top,fashion photograph
fp_29416,b90375a90b4872c50a1851440b6a1634.jpg,shirt;jacket;top;pants,,fashion,,,,,,,shirt;jacket;top;pants,fashion photograph
fp_27163,e3d57b44c4dd0c7af146bae077f0d17b.jpg,shirt;top,,fashion,,,,,,,shirt;top,fashion photograph
fp_35730,54db9386a6475fbae3293ed77aed5a48.jpg,shirt;jacket;pants,,fashion,,,,,,,shirt;jacket;pants,fashion photograph
fp_48038,523816b4cc27243604c65738561211b4.jpg,shirt;top,,fashion,,,,,,,shirt;top,fashion photograph
fp_2243,57e70572a84957f45cdc588ff638a224.jpg,shirt;jacket;top;pants,,fashion,,,,,,,shirt;jacket;top;pants,fashion photograph
fp_26020,7988a82f00dbd30a0feb8637253605e4.jpg,shirt;top;pants,,fashion,,,,,,,shirt;top;pants,fashion photograph
fp_37093,2c47a04282e3026ce47a2915b3497daa.jpg,shirt;jacket;pants,,fashion,,,,,,,shirt;jacket;pants,fashion photograph
fp_35932,09c4a4dd375cbd41ed0ddad7a0c5ac15.jpg,jacket,,fashion,,,,,,,jacket,fashion photograph
fp_7089,da4e674c24d910700aeafbf3691150be.jpg,shirt;top,,fashion,,,,,,,shirt;top,fashion photograph
fp_22776,3e0cec54bec06f6f8ba10b5e90a2a2e4.jpg,coat;pants,,fashion,,,,,,,coat;pants,fashion photograph
fp_30030,f7ca8af6975b77f89e18d5af78e602c1.jpg,shirt;top;pants,,fashion,,,,,,,shirt;top;pants,fashion photograph
fp_26402,583defc95ffc10fbe0dc2bedcafaa732.jpg,shirt;jacket;top;pants,,fashion,,,,,,,shirt;jacket;top;pants,fashion photograph
fp_44677,3087deda914f6d697731cfbee59b7786.jpg,shirt,,fashion,,,,,,,shirt,fashion photograph
fp_23682,4040f3d5a7e7b05de1e7769d2d143345.jpg,shirt,,fashion,,,,,,,shirt,fashion photograph
fp_24540,e10ff75002a86041fb99a4a5b05d6667.jpg,shirt,,fashion,,,,,,,shirt,fashion photograph
fp_48147,7190b7b054bfa6ff819ea880a96dd040.jpg,shirt;top,,fashion,,,,,,,shirt;top,fashion photograph
fp_39783,397761197ad8775d6f7d832d13387572.jpg,shirt;top,,fashion,,,,,,,shirt;top,fashion photograph
fp_47875,793859f553cd67ebd825b0be85907099.jpg,shirt;jacket,,fashion,,,,,,,shirt;jacket,fashion photograph
fp_1935,9f66ffc0e23d8c674bce7deee4ae0443.jpg,shirt;top,,fashion,,,,,,,shirt;top,fashion photograph
fp_22162,370817656200d59fb66b0e78f8e931b1.jpg,shirt;top,,fashion,,,,,,,shirt;top,fashion photograph
fp_47277,44b98e38f76651d9331aaed55a128e8a.jpg,shirt;top,,fashion,,,,,,,shirt;top,fashion photograph
fp_12402,e9ba59dbfa27d8b69315f9eeea1ee599.jpg,coat,,fashion,,,,,,,coat,fashion photograph
fp_36585,5048006be849fab075ae6b8993b470ba.jpg,shirt;top,,fashion,,,,,,,shirt;top,fashion photograph
fp_41492,ac396e42858a89dbb4452cc75e151fbe.jpg,shirt;top;pants,,fashion,,,,,,,shirt;top;pants,fashion photograph
fp_41692,a625438e7bec7eb6915ffea4fca5f63c.jpg,shirt;top;pants,,fashion,,,,,,,shirt;top;pants,fashion photograph
fp_2133,636cd0c0cb40357a9c287e08477361ba.jpg,jacket,,fashion,,,,,,,jacket,fashion photograph
fp_30032,3293b555e8fdf37f9b6ddd8418c13837.jpg,shirt;jacket;pants,,fashion,,,,,,,shirt;jacket;pants,fashion photograph
fp_14773,af15753e434ae275d695d123dc72ac55.jpg,jacket,,fashion,,,,,,,jacket,fashion photograph
fp_48106,949cb9a703e3ae6989045af32c0107b5.jpg,jacket,,fashion,,,,,,,jacket,fashion photograph
fp_31456,ce9cff0999cf8f57c792ed9165f153b3.jpg,shirt,,fashion,,,,,,,shirt,fashion photograph
fp_3359,73fa6cf608fb82642f12f0929d5f5280.jpg,shirt;top;pants,,fashion,,,,,,,shirt;top;pants,fashion photograph
fp_26097,4a1edbc70bbe2f14dd0002a86b237750.jpg,shirt;top;pants,,fashion,,,,,,,shirt;top;pants,fashion photograph
fp_10842,23e3e4f734b2eb425325143ab741ba9e.jpg,coat;shirt;pants,,fashion,,,,,,,coat;shirt;pants,fashion photograph
fp_7583,43caf7593e2799ab75746c12d601f332.jpg,shirt;top,,fashion,,,,,,,shirt;top,fashion photograph
fp_16677,56ff91ed3517134632402a4afa8005d9.jpg,shirt;pants,,fashion,,,,,,,shirt;pants,fashion photograph
fp_462,d7488528146731bf31622abfb2e5d4ca.jpg,shirt;coat;pants,,fashion,,,,,,,shirt;coat;pants,fashion photograph
fp_43895,934e99d85a0a3298540d43525b59a4ee.jpg,shirt;pants,,fashion,,,,,,,shirt;pants,fashion photograph
fp_23257,1df08088fd4b12ea2764568579602adc.jpg,shirt;jacket;top;pants,,fashion,,,,,,,shirt;jacket;top;pants,fashion photograph
fp_6034,c61627b52c63f44fee7e91510c45feb8.jpg,shirt;top,,fashion,,,,,,,shirt;top,fashion photograph
fp_41739,f39088131bdb980900a57bbae3e9a0f5.jpg,shirt;top,,fashion,,,,,,,shirt;top,fashion photograph
fp_10942,97457fb4b4518a5a730d70117d407ea3.jpg,coat,,fashion,,,,,,,coat,fashion photograph
fp_36606,8e2a8eeed77d81b5da64af20188b6b50.jpg,shirt;tie;pants,,fashion,,,,,,,shirt;tie;pants,fashion photograph
fp_5201,111b047b7e4289d58e57031bc125262f.jpg,pants,,fashion,,,,,,,pants,fashion photograph
fp_15896,f18dda6cd6ff864446a310d22ca0ff22.jpg,jacket,,fashion,,,,,,,jacket,fashion photograph
fp_3077,2fb63e49d77b4dae1f741f8422673e7e.jpg,shirt;top,,fashion,,,,,,,shirt;top,fashion photograph
fp_30972,c608477feeb8f0547976332982b9e58e.jpg,shirt;top,,fashion,,,,,,,shirt;top,fashion photograph
fp_36976,b46e795154d1a6413235380e742a3d28.jpg,shirt;jacket;top;pants,,fashion,,,,,,,shirt;jacket;top;pants,fashion photograph
fp_39727,bdb6e2a36d2788d46c9015dd7813f21b.jpg,shirt;pants,,fashion,,,,,,,shirt;pants,fashion photograph
fp_19640,37feb986800e3686ac617fb734e45fe1.jpg,jacket,,fashion,,,,,,,jacket,fashion photograph
fp_14796,2a92bf564981cb09ac58955aa409a4e6.jpg,shirt;jacket;pants,,fashion,,,,,,,shirt;jacket;pants,fashion photograph
fp_8123,1bcf8921167da076bf3fbb9cbc4821dd.jpg,shirt;jacket;top,,fashion,,,,,,,shirt;jacket;top,fashion photograph
fp_20521,696f4e02bedec7eb4dbf97937774e6e7.jpg,coat,,fashion,,,,,,,coat,fashion photograph
fp_37519,33629d7bf0961dbb8aad4c14e58a30cc.jpg,jacket,,fashion,,,,,,,jacket,fashion photograph
fp_41171,026acd252a5920bac7c0aa8bd601f407.jpg,shirt;top,,fashion,,,,,,,shirt;top,fashion photograph
fp_36160,83ec956b718c20e43ae760a3bafca916.jpg,shirt;top,,fashion,,,,,,,shirt;top,fashion photograph
fp_36903,4017dcd6923aec42a24b871843ded0bf.jpg,shirt;coat;top;pants,,fashion,,,,,,,shirt;coat;top;pants,fashion photograph
fp_25283,8ea81d3a0343bbc3b638ab6ea775c363.jpg,shirt,,fashion,,,,,,,shirt,fashion photograph
fp_6216,8d9a5278bfe3e806cff79ba030adf291.jpg,shirt;top;pants,,fashion,,,,,,,shirt;top;pants,fashion photograph
fp_47999,9e49e79924e70b03c71f54f54d456915.jpg,shirt;top,,fashion,,,,,,,shirt;top,fashion photograph
fp_8182,53544f701cff0f27913c17b12bacce71.jpg,shirt;top,,fashion,,,,,,,shirt;top,fashion photograph
fp_8809,d41b3ad2f7957d7b99929faadce3a438.jpg,shirt;top,,fashion,,,,,,,shirt;top,fashion photograph
fp_43928,d03ef865a76fc7a76b8d0ce5ce36cc98.jpg,shirt;top,,fashion,,,,,,,shirt;top,fashion photograph
fp_5493,ab7e230fbb24e094753458b6b7cd181e.jpg,shirt;jacket;top,,fashion,,,,,,,shirt;jacket;top,fashion photograph
fp_18587,7687ab8dc715995f82d712daebc8a553.jpg,shirt;top,,fashion,,,,,,,shirt;top,fashion photograph
fp_45668,07742c1e8e0468f9eb90bfa823c39dd6.jpg,pants,,fashion,,,,,,,pants,fashion photograph
fp_13457,ac3f4dad2e573ef24f596f15474959bb.jpg,shirt;top;pants,,fashion,,,,,,,shirt;top;pants,fashion photograph
fp_42965,0ca613830684668f8eab0a8cbd16b278.jpg,shirt;top,,fashion,,,,,,,shirt;top,fashion photograph
fp_2169,f13c49fa842dcb780385e6b9d0701580.jpg,shirt;top;pants,,fashion,,,,,,,shirt;top;pants,fashion photograph
fp_22807,30a252cc8c716137f4d06f23bfaffd10.jpg,shirt;top,,fashion,,,,,,,shirt;top,fashion photograph
fp_5709,c74e112a4ac66f54b1925c48ce29178b.jpg,pants,,fashion,,,,,,,pants,fashion photograph
fp_41615,6f3977003d58f18cdd3d365e94ba6091.jpg,shirt;top;pants,,fashion,,,,,,,shirt;top;pants,fashion photograph
fp_20567,e86098fa764651a6f0efc669321b2550.jpg,shirt;pants;jacket;top,,fashion,,,,,,,shirt;pants;jacket;top,fashion photograph
fp_9587,2976cdd5721c759a25c1b30f21a16d6b.jpg,suit,,fashion,,,,,,,suit,fashion photograph
fp_11305,aecb77b150c71b054289df42a8129c2c.jpg,jacket;pants,,fashion,,,,,,,jacket;pants,fashion photograph
fp_43857,a55aed3f1bebfdfe366b54b34d881fbe.jpg,shirt;top,,fashion,,,,,,,shirt;top,fashion photograph
fp_26512,97546eab2ddee762a2018a4740980121.jpg,shirt;top,,fashion,,,,,,,shirt;top,fashion photograph
fp_15061,a0eabcc7657a7799a2e1cf1f129461fc.jpg,suit;shirt;top,,fashion,,,,,,,suit;shirt;top,fashion photograph
fp_40585,420e6071e4d2f3ca387fd3ba01676c8e.jpg,shirt;top,,fashion,,,,,,,shirt;top,fashion photograph
fp_23420,522fb1d7c77a1fca0426761406151f44.jpg,shirt;top,,fashion,,,,,,,shirt;top,fashion photograph
fp_8831,39ce75f22ea2174af11dfb6a752963fe.jpg,shirt;top;pants,,fashion,,,,,,,shirt;top;pants,fashion photograph
fp_25102,0127000d838173b36acbc8b45ec4e6eb.jpg,jacket,,fashion,,,,,,,jacket,fashion photograph
fp_33218,eea93ac48030aa8aee12457b12f84bb8.jpg,shirt;top,,fashion,,,,,,,shirt;top,fashion photograph
fp_7506,078a5b1f8f765b2f38983bb58b31a19e.jpg,shirt;top;pants,,fashion,,,,,,,shirt;top;pants,fashion photograph
fp_5446,6ab9d26b8c78a10d5c8f1f9f83feaef9.jpg,shirt;top,,fashion,,,,,,,shirt;top,fashion photograph
fp_37260,bc559768219e8294cde74a99c9f7137d.jpg,shirt;tie;jacket;pants,,fashion,,,,,,,shirt;tie;jacket;pants,fashion photograph
fp_48433,8543fa9b697583d17a310b5d236d558c.jpg,shirt;coat;pants,,fashion,,,,,,,shirt;coat;pants,fashion photograph
fp_12501,78c522c9bb3e8e714132c39a18ca9e40.jpg,shirt;top;pants,,fashion,,,,,,,shirt;top;pants,fashion photograph
fp_47233,bed57b32ea1f8cae91d6e35508fe727a.jpg,shirt;top,,fashion,,,,,,,shirt;top,fashion photograph
fp_28439,e6d1f38b94aac0bfe781b352ac25f8bf.jpg,shirt;top,,fashion,,,,,,,shirt;top,fashion photograph
fp_17628,6b036e3965ede59c266bbc22698c5541.jpg,shirt;top,,fashion,,,,,,,shirt;top,fashion photograph
fp_48521,1bbddcf5e2e09624f26b4a1e07c505cc.jpg,shirt;top,,fashion,,,,,,,shirt;top,fashion photograph
fp_12398,73e97f6470d8860db85ae22bf219a56a.jpg,shirt;top,,fashion,,,,,,,shirt;top,fashion photograph
fp_25604,229358cc1598521e37be4c113ff5b9df.jpg,shirt;top,,fashion,,,,,,,shirt;top,fashion photograph
fp_27393,acfc0398b465a5276645097fd708d02a.jpg,shirt;top,,fashion,,,,,,,shirt;top,fashion photograph
fp_45780,f24d9b56d05bdf13a83cfabd87f8e5af.jpg,coat,,fashion,,,,,,,coat,fashion photograph
fp_44723,09567aec384535582141392e1e866f61.jpg,shirt;top,,fashion,,,,,,,shirt;top,fashion photograph
fp_15842,571f8c9f11b790999bf207e09c222cbe.jpg,shirt;top,,fashion,,,,,,,shirt;top,fashion photograph
fp_22841,024ad80ecd6b9434d5deacb76d80207d.jpg,pants,,fashion,,,,,,,pants,fashion photograph
fp_7880,3b9a0c8de6e6123750ab38c4fdc0268d.jpg,shirt;top;pants,,fashion,,,,,,,shirt;top;pants,fashion photograph
fp_30443,379e45ad2753989ec12aef8866ddc098.jpg,shirt;tie;jacket,,fashion,,,,,,,shirt;tie;jacket,fashion photograph
fp_37419,a68ec3e62110edbea8b03928dd12f0ef.jpg,pants,,fashion,,,,,,,pants,fashion photograph
fp_30369,8ebf17f2b17d26290e54e475ef0805fa.jpg,shirt;top,,fashion,,,,,,,shirt;top,fashion photograph
fp_5590,6b1e9866b3390d14635dc999065d8f0b.jpg,shirt;top,,fashion,,,,,,,shirt;top,fashion photograph
fp_4527,4fb466261152210b809374aac57353fa.jpg,coat,,fashion,,,,,,,coat,fashion photograph
fp_26322,5903acc875ba52d929ea473f0449cebd.jpg,shirt;top,,fashion,,,,,,,shirt;top,fashion photograph
fp_13690,e5e1e5840ab9db003613f23994e13493.jpg,shirt;jacket;pants,,fashion,,,,,,,shirt;jacket;pants,fashion photograph
fp_44209,1807817f291a23a5206ef4432a96ab49.jpg,shirt;tie;jacket;pants,,fashion,,,,,,,shirt;tie;jacket;pants,fashion photograph
fp_46754,6239332232ef01c81facbdd7a6d860cd.jpg,shirt;jacket;top;pants,,fashion,,,,,,,shirt;jacket;top;pants,fashion photograph
fp_41730,267a4b6904d98f2b966ba452a270fe6e.jpg,shirt;top,,fashion,,,,,,,shirt;top,fashion photograph
fp_3651,f390228fbda8f3dfeab40786f0acf6c1.jpg,shirt;top,,fashion,,,,,,,shirt;top,fashion photograph
fp_21261,08711e66d5b7557d5271c2f568761bb0.jpg,shirt;top;pants,,fashion,,,,,,,shirt;top;pants,fashion photograph
fp_44511,97e2cc52b84a2a79941aa6c94632b75b.jpg,shirt;top,,fashion,,,,,,,shirt;top,fashion photograph
fp_8000,0d481fec20eaf1b780fdd15918b30b7c.jpg,shirt;top;pants,,fashion,,,,,,,shirt;top;pants,fashion photograph
fp_2030,b2a7724d5693744f9f8490db678bcae6.jpg,suit;coat,,fashion,,,,,,,suit;coat,fashion photograph
fp_36764,baed011e7efd166590bc4570b1193a81.jpg,shirt;top;pants,,fashion,,,,,,,shirt;top;pants,fashion photograph
fp_11332,68fad27385aa53c1c11227fef3af3165.jpg,shirt;top,,fashion,,,,,,,shirt;top,fashion photograph
fp_10310,aea6dd8cc23e2594157cd31451977aa0.jpg,shirt;top,,fashion,,,,,,,shirt;top,fashion photograph
fp_28994,c8fa5de323faaf56ad1233d72739c74c.jpg,shirt;tie;jacket;pants,,fashion,,,,,,,shirt;tie;jacket;pants,fashion photograph
fp_40405,157267450d7b32d4ba0f5c31e0f1f75c.jpg,shirt,,fashion,,,,,,,shirt,fashion photograph
fp_47335,bd335e2f739a41a87b0c598472ac1ee4.jpg,shirt;tie;jacket;pants,,fashion,,,,,,,shirt;tie;jacket;pants,fashion photograph
fp_6643,77baf33970aae5940b2157356dee1f5c.jpg,shirt;top;pants,,fashion,,,,,,,shirt;top;pants,fashion photograph
fp_33548,8d579d5be6b7774bd3fe25e85e490eb2.jpg,shirt;top;pants,,fashion,,,,,,,shirt;top;pants,fashion photograph
fp_18498,9a713724b93b4dc45782b7b6019c154f.jpg,shirt;top;pants,,fashion,,,,,,,shirt;top;pants,fashion photograph
fp_6028,18eb008a4f10863247469fee8decb8f6.jpg,pants,,fashion,,,,,,,pants,fashion photograph
fp_45251,671ca5d23dc2df0fa7b46cace6fb9d19.jpg,shirt;top,,fashion,,,,,,,shirt;top,fashion photograph
fp_16594,a0c6596588ffd2986780bbc196cd41ea.jpg,shirt;pants;jacket;top,,fashion,,,,,,,shirt;pants;jacket;top,fashion photograph
fp_30411,8a8a7d8d57c1a7fc7232ece213b3a339.jpg,shirt;top;jacket;pants,,fashion,,,,,,,shirt;top;jacket;pants,fashion photograph
fp_7059,48bc15dbdf085c84d5c47e3fdbdfc32c.jpg,shirt;top;pants,,fashion,,,,,,,shirt;top;pants,fashion photograph
fp_37186,6928219e97b4b84b463274fde846a96b.jpg,shirt;jacket;top,,fashion,,,,,,,shirt;jacket;top,fashion photograph
fp_42445,c5349032aae482840f10aff4e7265f6b.jpg,shirt;pants,,fashion,,,,,,,shirt;pants,fashion photograph
fp_26847,4ba2a48dfe421e83875b703ebaf6b013.jpg,shirt;top,,fashion,,,,,,,shirt;top,fashion photograph
fp_48961,7b81b09ed7f76d05338324524b491f3a.jpg,shirt;top,,fashion,,,,,,,shirt;top,fashion photograph
fp_37265,31aca30ce8818e55c3b0a81b882bfb40.jpg,shirt;pants,,fashion,,,,,,,shirt;pants,fashion photograph
fp_27168,1e9b6c6e4b7b214d78726cb4a1444324.jpg,shirt;top,,fashion,,,,,,,shirt;top,fashion photograph
fp_33053,6735faf45054c79ad33b47ad53a629be.jpg,shirt;tie;jacket;pants,,fashion,,,,,,,shirt;tie;jacket;pants,fashion photograph
fp_39780,16fc6211e21d490e8379e82e1dd67b83.jpg,coat,,fashion,,,,,,,coat,fashion photograph
fp_11959,6cc691123d932ab1a9a474b410317140.jpg,shirt;top,,fashion,,,,,,,shirt;top,fashion photograph
fp_37681,e857c3f296136ff2f4029579d14a5ba7.jpg,shirt;top,,fashion,,,,,,,shirt;top,fashion photograph
fp_45811,2641075039d1c2008033aabbe4ba6ce3.jpg,shirt;pants,,fashion,,,,,,,shirt;pants,fashion photograph
fp_2450,9b87791e442181325b2cefeb367f4ab9.jpg,shirt;top;pants,,fashion,,,,,,,shirt;top;pants,fashion photograph
fp_35868,5290aaab373bc1d1d05ee140eda21dc9.jpg,shirt;jacket;top,,fashion,,,,,,,shirt;jacket;top,fashion photograph
fp_10510,f43d9edcfb534e1ab5a67c4d22f47424.jpg,shirt;top;pants,,fashion,,,,,,,shirt;top;pants,fashion photograph
fp_19174,e9545352ff149dd49885e92df2be5364.jpg,shirt;top,,fashion,,,,,,,shirt;top,fashion photograph
fp_36734,a9970240e60bc70848e266c3e9649803.jpg,shirt;tie;jacket;pants,,fashion,,,,,,,shirt;tie;jacket;pants,fashion photograph
fp_43373,731dc06d83efb9f6f8572d02baf31c11.jpg,shirt,,fashion,,,,,,,shirt,fashion photograph
fp_37028,b7c1b3fa410baa58896c037ac6422d97.jpg,pants,,fashion,,,,,,,pants,fashion photograph
fp_25876,e9beff3fdbf9b81697de2ed101aeaa18.jpg,shirt;jacket;top;pants,,fashion,,,,,,,shirt;jacket;top;pants,fashion photograph
fp_3859,9726a8eea5b5b9af470fd6935a1e6fbf.jpg,jacket,,fashion,,,,,,,jacket,fashion photograph
fp_49983,baf529b99f5debd3960bb2021f95b45b.jpg,coat,,fashion,,,,,,,coat,fashion photograph
fp_48123,86c5eb0a5868f9274b6117bd9b68e6d4.jpg,coat;pants,,fashion,,,,,,,coat;pants,fashion photograph
fp_41462,1532eccdb055376d0d201ae17c25d2aa.jpg,shirt;pants;top;coat,,fashion,,,,,,,shirt;pants;top;coat,fashion photograph
fp_34012,b844b7afe8eaca8c185c981b2fa9c924.jpg,coat;pants,,fashion,,,,,,,coat;pants,fashion photograph
fp_5370,7fec8b229de104ed5661599c7cfaf58e.jpg,shirt;top,,fashion,,,,,,,shirt;top,fashion photograph
fp_1253,7a58de39456562d034453fd0fe44e37b.jpg,shirt;top,,fashion,,,,,,,shirt;top,fashion photograph
fp_49729,b0bd07701c06abb302029f30ebc07acc.jpg,shirt;jacket;pants,,fashion,,,,,,,shirt;jacket;pants,fashion photograph
fp_7411,d9aae69a8f1010ef8295f70c91c98bc9.jpg,shirt;top,,fashion,,,,,,,shirt;top,fashion photograph
fp_8192,c8b43ed1d5c6d13f43a965d995ef1157.jpg,shirt;top,,fashion,,,,,,,shirt;top,fashion photograph
fp_42268,845e33571646a9a9051062686d3e3690.jpg,shirt;top,,fashion,,,,,,,shirt;top,fashion photograph
fp_21479,634ff77cf456e950779cc0d04f4c61e6.jpg,shirt;jacket;top,,fashion,,,,,,,shirt;jacket;top,fashion photograph
fp_5908,2c3b9a183d82d171d093e762bac47a1f.jpg,shirt;top,,fashion,,,,,,,shirt;top,fashion photograph
fp_27008,30d0777452f81ad11338e8f5af2df06c.jpg,shirt;jacket;pants,,fashion,,,,,,,shirt;jacket;pants,fashion photograph
fp_6023,075d5650f908f2028200700bc6699f29.jpg,jacket,,fashion,,,,,,,jacket,fashion photograph
fp_14472,0adba506da4e365f57a5d4325ace813e.jpg,shirt;tie;jacket;pants,,fashion,,,,,,,shirt;tie;jacket;pants,fashion photograph
fp_39021,c70b1b0aca4aca3112590e94e219b2a9.jpg,shirt,,fashion,,,,,,,shirt,fashion photograph
fp_41874,112f372564b3adb3a6c1801ac2af68b9.jpg,shirt;top,,fashion,,,,,,,shirt;top,fashion photograph
fp_43390,c331ab028208de3e0a59869dca8bc6a2.jpg,shirt;top,,fashion,,,,,,,shirt;top,fashion photograph
fp_4561,1a917f432dd6147e01d54128a8837631.jpg,shirt;top,,fashion,,,,,,,shirt;top,fashion photograph
fp_46935,d3d090329bf788330219b412cb0d9af8.jpg,jacket,,fashion,,,,,,,jacket,fashion photograph
fp_1639,473eec4f391af5f5e121a0cb6486129c.jpg,shirt;pants,,fashion,,,,,,,shirt;pants,fashion photograph
fp_25538,172a91fa17d1dc2ea6358a617efa63a3.jpg,pants,,fashion,,,,,,,pants,fashion photograph
fp_25589,1cdbeb5baf7531fed77defe97405a479.jpg,shirt;top;pants,,fashion,,,,,,,shirt;top;pants,fashion photograph
fp_24740,207745b42e2015af3f86326e0ed8c3bb.jpg,shirt;top,,fashion,,,,,,,shirt;top,fashion photograph
fp_29711,bcd8348ca3d9be1bd2ca5eb1b6819916.jpg,shirt;tie;jacket;pants,,fashion,,,,,,,shirt;tie;jacket;pants,fashion photograph
fp_21341,b91132ce9d70552ac8c3a8a1a2af8106.jpg,coat,,fashion,,,,,,,coat,fashion photograph
fp_46460,8c77938c506029b67fbc261178e9b860.jpg,shirt;jacket;pants,,fashion,,,,,,,shirt;jacket;pants,fashion photograph
fp_44587,e52295e9a4175bff3841dc383fb480fe.jpg,shirt;top;pants,,fashion,,,,,,,shirt;top;pants,fashion photograph
fp_36984,f3d2bd8e4c80cab699630e4124eac56e.jpg,jacket,,fashion,,,,,,,jacket,fashion photograph
fp_43277,54fda4802b2fcfeb5e3fdd61227a2499.jpg,shirt;top,,fashion,,,,,,,shirt;top,fashion photograph
fp_22175,12fb38b85eb875375fde7c0967ee95da.jpg,suit,,fashion,,,,,,,suit,fashion photograph
fp_46366,51a0e3a37eeb840da222c9ae361af989.jpg,shirt;top,,fashion,,,,,,,shirt;top,fashion photograph
fp_22403,ec0ccacc9a8488b6ee8e64d929314df0.jpg,shirt;top,,fashion,,,,,,,shirt;top,fashion photograph
fp_46983,6e466f586db807fb5a33e8fa076ad18d.jpg,shirt;top,,fashion,,,,,,,shirt;top,fashion photograph
fp_38802,f30e09841d27cf93ae92d8af26160105.jpg,shirt;top;pants,,fashion,,,,,,,shirt;top;pants,fashion photograph
fp_34741,c10940b2a58cb0869fdc72c6990e652e.jpg,shirt;top,,fashion,,,,,,,shirt;top,fashion photograph
fp_25261,af2ebfaa607c3f440c0f3e1d5d92974f.jpg,shirt;top,,fashion,,,,,,,shirt;top,fashion photograph
fp_37848,10154c3784010967bcfad7a748016db6.jpg,shirt,,fashion,,,,,,,shirt,fashion photograph
fp_29945,74150ba1b25c8b21fa664a986360a0ca.jpg,shirt;jacket;pants,,fashion,,,,,,,shirt;jacket;pants,fashion photograph
fp_43248,1e3fb7ce772c98784c9f49d8cde242be.jpg,shirt;tie;jacket;pants,,fashion,,,,,,,shirt;tie;jacket;pants,fashion photograph
fp_16646,79e6cf29249bf151bf2e1a3857dd6ee2.jpg,shirt;top,,fashion,,,,,,,shirt;top,fashion photograph
fp_35275,b16cffb2901b110fb1483178298bd7c0.jpg,shirt;top;pants,,fashion,,,,,,,shirt;top;pants,fashion photograph
fp_6269,f96d6bd93e24adf3e820fee28a13d600.jpg,shirt;jacket;top,,fashion,,,,,,,shirt;jacket;top,fashion photograph
fp_45070,9cd86306e6657986dd8f6182c964341b.jpg,shirt;top,,fashion,,,,,,,shirt;top,fashion photograph
fp_10040,f305974a35f498bd82e9c1851f601672.jpg,shirt;top,,fashion,,,,,,,shirt;top,fashion photograph
fp_28318,710a4ee513bbd15bc4e58f161947d2ae.jpg,shirt;top;pants,,fashion,,,,,,,shirt;top;pants,fashion photograph
fp_27880,fa4296a6ff06ec9da479e221a4a663f6.jpg,shirt;top,,fashion,,,,,,,shirt;top,fashion photograph
fp_33108,2abf41776b060493133e91e1f42196ba.jpg,shirt;top,,fashion,,,,,,,shirt;top,fashion photograph
fp_16812,a64a1e7477271f1b03eb6c80ae4f877e.jpg,shirt;top;pants,,fashion,,,,,,,shirt;top;pants,fashion photograph
fp_37166,19b0927c553f02680c5773c1598ea14f.jpg,shirt;top,,fashion,,,,,,,shirt;top,fashion photograph
fp_33099,e888e567128a5ca42612c5341fbb5c0f.jpg,shirt;top;pants,,fashion,,,,,,,shirt;top;pants,fashion photograph
fp_38083,c2340d4416e3a92fdca0846310e05310.jpg,coat,,fashion,,,,,,,coat,fashion photograph
fp_27984,24b639c8b9575f387c8029901c404aae.jpg,shirt;jacket,,fashion,,,,,,,shirt;jacket,fashion photograph
fp_16570,173da5c192cb7341e2f69eba37ffc959.jpg,shirt;tie;jacket;pants,,fashion,,,,,,,shirt;tie;jacket;pants,fashion photograph
fp_32007,719c44923b9693af8f8405cf3f9af562.jpg,coat;shirt,,fashion,,,,,,,coat;shirt,fashion photograph
fp_7608,46d4191c42e8baab8033f2c9c466f234.jpg,jacket,,fashion,,,,,,,jacket,fashion photograph
fp_10877,95c6d16a5225b77a4c5a473240a7c1b4.jpg,shirt;coat;top;pants,,fashion,,,,,,,shirt;coat;top;pants,fashion photograph
fp_31862,8c56d45c51d6c22857b599f1e091f56a.jpg,coat,,fashion,,,,,,,coat,fashion photograph
fp_47561,7a158e6918ed056d3a6f6badb28e8265.jpg,shirt;pants;jacket;top,,fashion,,,,,,,shirt;pants;jacket;top,fashion photograph
fp_4905,3fc2274d2e0cad264e47726b4962b79c.jpg,shirt;top,,fashion,,,,,,,shirt;top,fashion photograph
fp_22466,d12e9ba3ef473218c75d50db1a1d15df.jpg,shirt;top,,fashion,,,,,,,shirt;top,fashion photograph
fp_14514,54ebde5e0b9a62edba43bbeecc40e978.jpg,shirt;top,,fashion,,,,,,,shirt;top,fashion photograph
fp_44474,8aec5391103feee267f4d08a458c6f4c.jpg,shirt;jacket;top,,fashion,,,,,,,shirt;jacket;top,fashion photograph
fp_27711,6163550192658708ad7107bfe9410170.jpg,shirt;top;pants,,fashion,,,,,,,shirt;top;pants,fashion photograph
fp_11216,1865bbcbe94bbddc70444fa65cef9551.jpg,shirt;top;pants,,fashion,,,,,,,shirt;top;pants,fashion photograph
fp_24111,0039366c35ed742e5bfc6a278b699720.jpg,shirt;jacket,,fashion,,,,,,,shirt;jacket,fashion photograph
fp_42453,0d17b18b0b538661f1a977959461c2f2.jpg,shirt;tie;jacket;pants,,fashion,,,,,,,shirt;tie;jacket;pants,fashion photograph
fp_6839,d11326a9324da3f1167e590e7f55b3de.jpg,jacket,,fashion,,,,,,,jacket,fashion photograph
fp_36111,628f9785e63c1f22f262b321a10e79e9.jpg,shirt;jacket;top,,fashion,,,,,,,shirt;jacket;top,fashion photograph
fp_48314,d0d9d7d3d689f1bf340dd27ccaad8011.jpg,shirt;jacket;pants,,fashion,,,,,,,shirt;jacket;pants,fashion photograph
fp_34547,0572e25c94cdab10f44de16e9a46a52c.jpg,shirt;top,,fashion,,,,,,,shirt;top,fashion photograph
fp_28489,a85b6933916a98e8b3aa70e13cd216ad.jpg,shirt;top,,fashion,,,,,,,shirt;top,fashion photograph
fp_6792,67c57c7ab78093299a24783def3fc0ba.jpg,pants,,fashion,,,,,,,pants,fashion photograph
fp_22436,7fd0d412dbde456d7bbf9cc3d31a2e80.jpg,shirt;jacket,,fashion,,,,,,,shirt;jacket,fashion photograph
fp_8246,71bfe8e1374ea227d3b80174adfc047d.jpg,shirt;top,,fashion,,,,,,,shirt;top,fashion photograph
fp_1545,d084889318d6ad51b07bb92c584bf748.jpg,shirt;top,,fashion,,,,,,,shirt;top,fashion photograph
fp_39737,269727408890ebef6769d91887256c8b.jpg,shirt;jacket;top;pants,,fashion,,,,,,,shirt;jacket;top;pants,fashion photograph
fp_38385,4c01433c0d2a682cf7cb0c4bf98f0a71.jpg,shirt;tie;jacket;pants,,fashion,,,,,,,shirt;tie;jacket;pants,fashion photograph
fp_37509,9f035e7cc6d2c98837f607e1e0fc60cb.jpg,shirt;top;pants,,fashion,,,,,,,shirt;top;pants,fashion photograph
fp_28266,76b115f5b7fb0bb31339887e26f46592.jpg,shirt;top,,fashion,,,,,,,shirt;top,fashion photograph
fp_36314,fc589d602c028e5b3897b3cd3aef1fb0.jpg,shirt;top;jacket;pants,,fashion,,,,,,,shirt;top;jacket;pants,fashion photograph
fp_13550,d1271d0d107e9f70d6e882306e527ea7.jpg,coat,,fashion,,,,,,,coat,fashion photograph
fp_42360,c547fa08ba6f52fb2a9b644e0f40825a.jpg,shirt;top;pants,,fashion,,,,,,,shirt;top;pants,fashion photograph
fp_42680,305d1eb2f70ab57bbde0315fb41290b0.jpg,shirt;jacket;pants,,fashion,,,,,,,shirt;jacket;pants,fashion photograph
fp_42601,3b4ef90c9dbd88f3cfb999220d4730c4.jpg,shirt;top,,fashion,,,,,,,shirt;top,fashion photograph
fp_46414,76e6b796e063a55768e32fb9e675c382.jpg,shirt;top;pants,,fashion,,,,,,,shirt;top;pants,fashion photograph
fp_35499,7d529cb5d3c6e5b94fb8e8e0b536d933.jpg,shirt;jacket,,fashion,,,,,,,shirt;jacket,fashion photograph
fp_16700,4614468c93a60b15257f34c8d41396e1.jpg,shirt;jacket;top,,fashion,,,,,,,shirt;jacket;top,fashion photograph
fp_37758,de18a80cf987384332d77a1e13b9f68b.jpg,shirt,,fashion,,,,,,,shirt,fashion photograph
fp_26720,b1782877f67e7818bde3711846fda6bf.jpg,shirt;jacket;pants,,fashion,,,,,,,shirt;jacket;pants,fashion photograph
fp_32527,a962adb06d773407baaef2f7fb46044e.jpg,shirt;top;pants,,fashion,,,,,,,shirt;top;pants,fashion photograph
fp_20781,4489cb0db72ddf6edc82f6bb7bc412da.jpg,shirt;pants,,fashion,,,,,,,shirt;pants,fashion photograph
fp_29630,8e194193bb7a2644142d4d2785e9b3a4.jpg,shirt;pants,,fashion,,,,,,,shirt;pants,fashion photograph
fp_44778,6142f48a8af7132cd55213e95baeb069.jpg,shirt;jacket;top,,fashion,,,,,,,shirt;jacket;top,fashion photograph
fp_32692,c82a5bfb815664db0f8e71ad3784f6a1.jpg,pants,,fashion,,,,,,,pants,fashion photograph
fp_26341,50d3134ebb362e2f28adae9daac3907f.jpg,shirt;top,,fashion,,,,,,,shirt;top,fashion photograph
fp_22304,b787117b8d19497b70ba244a6337854a.jpg,shirt;jacket;pants,,fashion,,,,,,,shirt;jacket;pants,fashion photograph
fp_42335,d277fc79a2fbcbf3a2877a5740d65df6.jpg,shirt;top,,fashion,,,,,,,shirt;top,fashion photograph
fp_19541,535feb9465f004a608799522987b5b02.jpg,shirt;top,,fashion,,,,,,,shirt;top,fashion photograph
fp_17151,91a05b15e08d4aac5b3f9cc0255275be.jpg,shirt;top;jacket;pants,,fashion,,,,,,,shirt;top;jacket;pants,fashion photograph
fp_39089,40c0a4402f76b01c1fce0dfa9359be5f.jpg,shirt;jacket;pants,,fashion,,,,,,,shirt;jacket;pants,fashion photograph
fp_4425,32ffc12f72fcb3871bc724c8590bbf92.jpg,shirt;top;pants,,fashion,,,,,,,shirt;top;pants,fashion photograph
fp_400,fd786dc34f4ec2591ee528a272088d87.jpg,shirt;top;coat,,fashion,,,,,,,shirt;top;coat,fashion photograph
fp_18700,dda2a53e89dab2fe0809ab3ea5b7ac45.jpg,shirt;top,,fashion,,,,,,,shirt;top,fashion photograph
fp_50075,52b1630300dbbfeab4004daf968aeb1e.jpg,pants,,fashion,,,,,,,pants,fashion photograph
fp_23978,d85e7437c05d695acdceb0275333491e.jpg,shirt;top,,fashion,,,,,,,shirt;top,fashion photograph
fp_7444,e744189c23c9f86793930b636ce821f5.jpg,shirt;pants,,fashion,,,,,,,shirt;pants,fashion photograph
fp_14477,17eb86961bb02821802d8e000ed7a672.jpg,shirt;jacket;top;pants,,fashion,,,,,,,shirt;jacket;top;pants,fashion photograph
fp_8565,7ee6c957150c32f9bd70da879fe2269f.jpg,shirt;top,,fashion,,,,,,,shirt;top,fashion photograph
fp_331,88ad75054326e229d86f9f9a0656b5e8.jpg,shirt;top,,fashion,,,,,,,shirt;top,fashion photograph
fp_33128,1e68466fba9270088f0b40914022aac6.jpg,shirt;jacket;pants,,fashion,,,,,,,shirt;jacket;pants,fashion photograph
fp_17832,25f5f9c26c8a2f7941c45e43cc80878a.jpg,shirt;jacket;top,,fashion,,,,,,,shirt;jacket;top,fashion photograph
fp_23269,8756572f754ad605bc92e59a5685e800.jpg,shirt;top;pants,,fashion,,,,,,,shirt;top;pants,fashion photograph
fp_27160,31073e64c1ec205631a22d0ccdc9baa1.jpg,shirt;top;pants,,fashion,,,,,,,shirt;top;pants,fashion photograph
fp_34694,19d90bf9899cfc1d57bbbedcb3e2d352.jpg,shirt;tie;jacket;pants,,fashion,,,,,,,shirt;tie;jacket;pants,fashion photograph
fp_48712,5478f3236e7ebecd129b9649324f910b.jpg,jacket,,fashion,,,,,,,jacket,fashion photograph
fp_22818,25b9e070c987bc24377c9d1378c637ce.jpg,shirt;jacket;top,,fashion,,,,,,,shirt;jacket;top,fashion photograph
fp_45043,28082a7e5cf1e12ba4947e9a872a3d6e.jpg,shirt;pants,,fashion,,,,,,,shirt;pants,fashion photograph
fp_22754,b366c0cbcea0fdbf1310545d6f83f05a.jpg,shirt;pants;top;coat,,fashion,,,,,,,shirt;pants;top;coat,fashion photograph
fp_4864,e9701d9ce2251849972c2d32462ba795.jpg,shirt;top,,fashion,,,,,,,shirt;top,fashion photograph
fp_21811,266e9fd5a4a1abdb522fc4b3a8136b64.jpg,shirt;jacket;pants,,fashion,,,,,,,shirt;jacket;pants,fashion photograph
fp_14540,b78423688872e43e2dc2c3d9cbaa4a65.jpg,jacket,,fashion,,,,,,,jacket,fashion photograph
fp_36232,c06e1bd15195980646f32c482358cb73.jpg,shirt;top,,fashion,,,,,,,shirt;top,fashion photograph
fp_32923,d92386eb6f6e06311468da2683529fdb.jpg,shirt,,fashion,,,,,,,shirt,fashion photograph
fp_27110,9f77fa76651e14637ca95444d4ae78b2.jpg,shirt;top,,fashion,,,,,,,shirt;top,fashion photograph
fp_10989,309970220dea1eca36d3754fefcb7e4d.jpg,coat,,fashion,,,,,,,coat,fashion photograph
fp_40977,4470da310517af3ef916278602dc961c.jpg,shirt;top,,fashion,,,,,,,shirt;top,fashion photograph
fp_23716,60b05886ea26be34cfcb1a6c30ee460e.jpg,shirt;top,,fashion,,,,,,,shirt;top,fashion photograph
fp_33747,11db03f7a9e6fb15191336291f07e38b.jpg,shirt;top,,fashion,,,,,,,shirt;top,fashion photograph
fp_48409,2c255dd6b5ec3ca0075dfd1cc1c98198.jpg,shirt,,fashion,,,,,,,shirt,fashion photograph
fp_4755,9ed09ca5191bf4067b184f278567b9da.jpg,shirt;top,,fashion,,,,,,,shirt;top,fashion photograph
fp_41399,e226433f0ee593c6abb63629e72b535d.jpg,shirt;tie;jacket;pants,,fashion,,,,,,,shirt;tie;jacket;pants,fashion photograph
fp_16913,c08de6f8b383c9c85c89fac2f5177fcf.jpg,shirt,,fashion,,,,,,,shirt,fashion photograph
fp_28480,0bf3f45a408a7edd93ac420d9bba98ee.jpg,shirt;top,,fashion,,,,,,,shirt;top,fashion photograph
fp_18973,35831e6fdc467c19f1eef00301833637.jpg,jacket,,fashion,,,,,,,jacket,fashion photograph
fp_25319,94944810707678e643914598c066b69e.jpg,suit;shirt;top,,fashion,,,,,,,suit;shirt;top,fashion photograph
fp_30592,ebad16c4038c775f9b4bae89f50f5026.jpg,shirt;top;pants,,fashion,,,,,,,shirt;top;pants,fashion photograph
fp_49899,8a7ce15e010f9aef6c1e33345b49ad66.jpg,shirt;top;pants,,fashion,,,,,,,shirt;top;pants,fashion photograph
fp_7653,d606d4c8efe2cc1216e8ea6c8a98ce43.jpg,shirt;jacket,,fashion,,,,,,,shirt;jacket,fashion photograph
fp_46542,4a170844e0dde91bfaf0b2f96d43be90.jpg,shirt;top,,fashion,,,,,,,shirt;top,fashion photograph
fp_39634,2e11c5c85e41b6ab9e8790da67e0294a.jpg,shirt;top,,fashion,,,,,,,shirt;top,fashion photograph
fp_16845,1ef2b11a53922b8796c28a83e33efbc8.jpg,shirt;top,,fashion,,,,,,,shirt;top,fashion photograph
fp_27066,c484c3d92c59358e6040e7fe17cb53ae.jpg,shirt;jacket;pants,,fashion,,,,,,,shirt;jacket;pants,fashion photograph
fp_9991,13fb090b0dd3a267c759d0f34d9ea031.jpg,suit;jacket,,fashion,,,,,,,suit;jacket,fashion photograph
fp_43775,5f8a0d6e5a72c847f991a0df502c08ee.jpg,shirt;top,,fashion,,,,,,,shirt;top,fashion photograph
fp_8005,1a76c507f1f9b0769b06481c14f3884c.jpg,shirt;top;pants,,fashion,,,,,,,shirt;top;pants,fashion photograph
fp_10861,0eee715bc89448ccd0d6b3471ddd86e0.jpg,jacket;pants,,fashion,,,,,,,jacket;pants,fashion photograph
fp_17442,b5320e3ba5fd5897d2e4fffb610f8943.jpg,coat,,fashion,,,,,,,coat,fashion photograph
fp_12441,d2f0d08c5e82fdb295fc31baa8fe5e54.jpg,suit,,fashion,,,,,,,suit,fashion photograph
fp_5974,1c72087055b6b4094e619e2c7cec2ae7.jpg,pants,,fashion,,,,,,,pants,fashion photograph
fp_10726,76d41787252081841c1c89dee63fad9b.jpg,pants,,fashion,,,,,,,pants,fashion photograph
fp_23025,e83eb3d389bbfea8dbd2f3941669dc31.jpg,shirt;top;pants,,fashion,,,,,,,shirt;top;pants,fashion photograph
fp_40213,e982ff533b5b2dc6fd44d10633a62d54.jpg,shirt;top,,fashion,,,,,,,shirt;top,fashion photograph
fp_36688,89faa24525cd8ae4b5bb563b6bda8d95.jpg,shirt;top;pants,,fashion,,,,,,,shirt;top;pants,fashion photograph
fp_35377,1ad8134681872ae090427a275a3c8e9a.jpg,coat,,fashion,,,,,,,coat,fashion photograph
fp_4570,e65bcb14db6aa38ad43050e7428ddd49.jpg,shirt,,fashion,,,,,,,shirt,fashion photograph
fp_27737,9a9429985b605c213fff43f628f3f784.jpg,shirt;jacket;pants,,fashion,,,,,,,shirt;jacket;pants,fashion photograph
fp_27895,3d8b94b7ec3eb78d2c3d52bd87abd552.jpg,shirt;top;pants,,fashion,,,,,,,shirt;top;pants,fashion photograph
fp_6636,aaa9a9b3b97df4e6f99142292b2c2abe.jpg,shirt;jacket;top,,fashion,,,,,,,shirt;jacket;top,fashion photograph
fp_26024,fa5b475946cff3452e062565b7d8fe7a.jpg,coat;shirt;top;pants,,fashion,,,,,,,coat;shirt;top;pants,fashion photograph
fp_31013,bc52b7801951ca63a2ccaba4453f2563.jpg,shirt;tie;jacket;pants,,fashion,,,,,,,shirt;tie;jacket;pants,fashion photograph
fp_3343,b567130f0656405cedf707dcea03ae9a.jpg,shirt;top;pants,,fashion,,,,,,,shirt;top;pants,fashion photograph
fp_896,0d48961151d7c5c9c91c2d00493b4e90.jpg,shirt;pants,,fashion,,,,,,,shirt;pants,fashion photograph
fp_5542,9dfefa1912600535f61f900cc2f6fd32.jpg,shirt;top,,fashion,,,,,,,shirt;top,fashion photograph
fp_4033,adbb4d56bac64b10b008efaf58bd2c29.jpg,suit,,fashion,,,,,,,suit,fashion photograph
fp_21984,0274580b7d4942db1ab8edc2f89ce355.jpg,shirt;top;pants,,fashion,,,,,,,shirt;top;pants,fashion photograph
fp_42491,812fff3dbb4c85b35f15c2f5613c3f31.jpg,coat;shirt;top,,fashion,,,,,,,coat;shirt;top,fashion photograph
fp_29878,9c70686fb27caf7051be54fb33ae32a0.jpg,shirt;pants,,fashion,,,,,,,shirt;pants,fashion photograph
fp_39380,dd1d564b89702ba0f930486b2fa57ae1.jpg,shirt;tie;jacket;pants,,fashion,,,,,,,shirt;tie;jacket;pants,fashion photograph
fp_32976,e8d3eaa36b6617b136d1d0a03c18f43e.jpg,shirt;top;pants,,fashion,,,,,,,shirt;top;pants,fashion photograph
fp_35034,eef436a8f8d616d5aeb93ead14740574.jpg,shirt;top,,fashion,,,,,,,shirt;top,fashion photograph
fp_593,a24b1f3ab95d4f9731d394c35fe3a649.jpg,pants,,fashion,,,,,,,pants,fashion photograph
fp_34426,7a22b2b5bfcd442f5a83e4e6f334453f.jpg,shirt;top;pants,,fashion,,,,,,,shirt;top;pants,fashion photograph
fp_44710,cbb0767f030820d5cd00b933bb41b6ac.jpg,shirt;top;pants,,fashion,,,,,,,shirt;top;pants,fashion photograph
fp_24599,c9a267f01373686b3b62c69c014ae0be.jpg,jacket;pants,,fashion,,,,,,,jacket;pants,fashion photograph
fp_26365,e3138933705f05798859eb1166027ed9.jpg,shirt;top;coat,,fashion,,,,,,,shirt;top;coat,fashion photograph
fp_253,f11a7d4b3638f7fa50c5583fd8488b3e.jpg,shirt;top,,fashion,,,,,,,shirt;top,fashion photograph
fp_22935,6fb4461048651c6222df1d67c8936ba1.jpg,shirt;top;pants,,fashion,,,,,,,shirt;top;pants,fashion photograph
fp_36811,babf209ef85a80787264b19f94e3895d.jpg,suit;shirt;jacket;top,,fashion,,,,,,,suit;shirt;jacket;top,fashion photograph
fp_26989,d10ddd3f70f1b64350f3aead695045be.jpg,shirt;top;pants,,fashion,,,,,,,shirt;top;pants,fashion photograph
fp_26683,7cd80600df01d2f531aff0e27c3de5a3.jpg,shirt;top,,fashion,,,,,,,shirt;top,fashion photograph
